id_distribucion;fecha_guardado;usuario;referencia;cantidad_orden;consecutivo_op;operacion;operario_asignado;minutos_asignados
20250910212529-14921;2025-09-10 21:25:29;ADMIN;14921;150;1.0;CERRAR LADOS 15CM (FILETEADORA);1;44.61
20250910212529-14921;2025-09-10 21:25:29;ADMIN;14921;150;2.0;FILETEAR RUEDO 100CM RUCHE;4;25.49
20250910212529-14921;2025-09-10 21:25:29;ADMIN;14921;150;3.0;CERRAR LADO 100CM (FIL);2;33.33
20250910212529-14921;2025-09-10 21:25:29;ADMIN;14921;150;4.0;FIJAR MARQUILLA (PLANA);3;10.29
20250910212529-14921;2025-09-10 21:25:29;ADMIN;14921;150;5.0;DOBLAR FORMANDO ENCUADRE 5CM LARGO 2 ANCHO;5;21.08
20250910212529-14921;2025-09-10 21:25:29;ADMIN;14921;150;6.0;DOBLADILLAR RUEDO DE FALDA 100CM  (RES 2AG);3;29.9
20250910212529-14921;2025-09-10 21:25:29;ADMIN;14921;150;7.0;INTRODUCIR PITILLO;5;15.69
20250910212529-14921;2025-09-10 21:25:29;ADMIN;14921;150;8.0;INTRODUCIR CHAQUIRAS Y ANUDAR;2;16.67
20250910212529-14921;2025-09-10 21:25:29;ADMIN;14921;150;9.0;REVISAR PAREO;4;13.24
20250910212529-14921;2025-09-10 21:25:29;ADMIN;14921;150;10.0;ETIQUETAR PRENDA *2;2;5.88
20250910212529-14921;2025-09-10 21:25:29;ADMIN;14921;150;11.0;PEGAR STICKER A BOLSA INDIVIDUAL JADE;5;3.43
20250910212529-14921;2025-09-10 21:25:29;ADMIN;14921;150;12.0;EMPACAR PANTY EN BOLSA INDIVIDUAL;2;6.37
20250910212529-14921;2025-09-10 21:25:29;ADMIN;14921;150;13.0;EMPACAR PANTY EN CAJA GRANDE;4;0.49
20250910212529-14921;2025-09-10 21:25:29;ADMIN;14921;150;1.0;PUNTEAR OJAL;1;14.71
20250910212529-14921;2025-09-10 21:25:29;ADMIN;14921;150;2.0;OJAL;5;19.61
20250910212529-14921;2025-09-10 21:25:29;ADMIN;14921;150;3.0;BOTONAR;4;19.61
20250910212529-14921;2025-09-10 21:25:29;ADMIN;14921;150;4.0;PLANCHADO;3;19.61
20250910213307-16534;2025-09-10 21:33:07;ADMIN;16534;200;1.0;CERRAR LADOS 15CM (FILETEADORA);4;15.64
20250910213307-16534;2025-09-10 21:33:07;ADMIN;16534;200;2.0;FILETEAR RUEDO 100CM RUCHE;1;5.79
20250910213307-16534;2025-09-10 21:33:07;ADMIN;16534;200;3.0;CERRAR LADO 100CM (FIL);4;12.16
20250910213307-16534;2025-09-10 21:33:07;ADMIN;16534;200;4.0;FIJAR MARQUILLA (PLANA);2;2.9
20250910213307-16534;2025-09-10 21:33:07;ADMIN;16534;200;5.0;DOBLAR FORMANDO ENCUADRE 5CM LARGO 2 ANCHO;4;7.53
20250910213307-16534;2025-09-10 21:33:07;ADMIN;16534;200;6.0;DOBLADILLAR RUEDO DE FALDA 100CM  (RES 2AG);5;8.69
20250910213307-16534;2025-09-10 21:33:07;ADMIN;16534;200;7.0;INTRODUCIR PITILLO;2;48.07
20250910213307-16534;2025-09-10 21:33:07;ADMIN;16534;200;8.0;INTRODUCIR BOLSILLO;5;4.63
20250910213307-16534;2025-09-10 21:33:07;ADMIN;16534;200;9.0;REVISAR CUELLO;5;12.74
20250910213307-16534;2025-09-10 21:33:07;ADMIN;16534;200;10.0;ETIQUETAR PRENDA *2;3;45.18
20250910213307-16534;2025-09-10 21:33:07;ADMIN;16534;200;11.0;PEGAR STICKER A BOLSA INDIVIDUAL JADE;5;17.38
20250910213307-16534;2025-09-10 21:33:07;ADMIN;16534;200;12.0;EMPACAR EN BOLSA INDIVIDUAL;1;53.87
20250910213307-16534;2025-09-10 21:33:07;ADMIN;16534;200;13.0;VERIFICAR CARTONES DE GUARDADO;3;11.58
20250910213307-16534;2025-09-10 21:33:07;ADMIN;16534;200;1.0;PUNTEAR OJAL;5;16.8
20250910213307-16534;2025-09-10 21:33:07;ADMIN;16534;200;2.0;OJAL;3;2.32
20250910213307-16534;2025-09-10 21:33:07;ADMIN;16534;200;3.0;BOTONAR;2;8.69
20250910213307-16534;2025-09-10 21:33:07;ADMIN;16534;200;4.0;PLANCHADO;4;26.06
20250910213309-16534;2025-09-10 21:33:09;ADMIN;16534;200;1.0;CERRAR LADOS 15CM (FILETEADORA);4;15.64
20250910213309-16534;2025-09-10 21:33:09;ADMIN;16534;200;2.0;FILETEAR RUEDO 100CM RUCHE;1;5.79
20250910213309-16534;2025-09-10 21:33:09;ADMIN;16534;200;3.0;CERRAR LADO 100CM (FIL);4;12.16
20250910213309-16534;2025-09-10 21:33:09;ADMIN;16534;200;4.0;FIJAR MARQUILLA (PLANA);2;2.9
20250910213309-16534;2025-09-10 21:33:09;ADMIN;16534;200;5.0;DOBLAR FORMANDO ENCUADRE 5CM LARGO 2 ANCHO;4;7.53
20250910213309-16534;2025-09-10 21:33:09;ADMIN;16534;200;6.0;DOBLADILLAR RUEDO DE FALDA 100CM  (RES 2AG);5;8.69
20250910213309-16534;2025-09-10 21:33:09;ADMIN;16534;200;7.0;INTRODUCIR PITILLO;2;48.07
20250910213309-16534;2025-09-10 21:33:09;ADMIN;16534;200;8.0;INTRODUCIR BOLSILLO;5;4.63
20250910213309-16534;2025-09-10 21:33:09;ADMIN;16534;200;9.0;REVISAR CUELLO;5;12.74
20250910213309-16534;2025-09-10 21:33:09;ADMIN;16534;200;10.0;ETIQUETAR PRENDA *2;3;45.18
20250910213309-16534;2025-09-10 21:33:09;ADMIN;16534;200;11.0;PEGAR STICKER A BOLSA INDIVIDUAL JADE;5;17.38
20250910213309-16534;2025-09-10 21:33:09;ADMIN;16534;200;12.0;EMPACAR EN BOLSA INDIVIDUAL;1;53.87
20250910213309-16534;2025-09-10 21:33:09;ADMIN;16534;200;13.0;VERIFICAR CARTONES DE GUARDADO;3;11.58
20250910213309-16534;2025-09-10 21:33:09;ADMIN;16534;200;1.0;PUNTEAR OJAL;5;16.8
20250910213309-16534;2025-09-10 21:33:09;ADMIN;16534;200;2.0;OJAL;3;2.32
20250910213309-16534;2025-09-10 21:33:09;ADMIN;16534;200;3.0;BOTONAR;2;8.69
20250910213309-16534;2025-09-10 21:33:09;ADMIN;16534;200;4.0;PLANCHADO;4;26.06
20250910213315-16534;2025-09-10 21:33:15;ADMIN;16534;200;1.0;CERRAR LADOS 15CM (FILETEADORA);4;15.64
20250910213315-16534;2025-09-10 21:33:15;ADMIN;16534;200;2.0;FILETEAR RUEDO 100CM RUCHE;1;5.79
20250910213315-16534;2025-09-10 21:33:15;ADMIN;16534;200;3.0;CERRAR LADO 100CM (FIL);4;12.16
20250910213315-16534;2025-09-10 21:33:15;ADMIN;16534;200;4.0;FIJAR MARQUILLA (PLANA);2;2.9
20250910213315-16534;2025-09-10 21:33:15;ADMIN;16534;200;5.0;DOBLAR FORMANDO ENCUADRE 5CM LARGO 2 ANCHO;4;7.53
20250910213315-16534;2025-09-10 21:33:15;ADMIN;16534;200;6.0;DOBLADILLAR RUEDO DE FALDA 100CM  (RES 2AG);5;8.69
20250910213315-16534;2025-09-10 21:33:15;ADMIN;16534;200;7.0;INTRODUCIR PITILLO;2;48.07
20250910213315-16534;2025-09-10 21:33:15;ADMIN;16534;200;8.0;INTRODUCIR BOLSILLO;5;4.63
20250910213315-16534;2025-09-10 21:33:15;ADMIN;16534;200;9.0;REVISAR CUELLO;5;12.74
20250910213315-16534;2025-09-10 21:33:15;ADMIN;16534;200;10.0;ETIQUETAR PRENDA *2;3;45.18
20250910213315-16534;2025-09-10 21:33:15;ADMIN;16534;200;11.0;PEGAR STICKER A BOLSA INDIVIDUAL JADE;5;17.38
20250910213315-16534;2025-09-10 21:33:15;ADMIN;16534;200;12.0;EMPACAR EN BOLSA INDIVIDUAL;1;53.87
20250910213315-16534;2025-09-10 21:33:15;ADMIN;16534;200;13.0;VERIFICAR CARTONES DE GUARDADO;3;11.58
20250910213315-16534;2025-09-10 21:33:15;ADMIN;16534;200;1.0;PUNTEAR OJAL;5;16.8
20250910213315-16534;2025-09-10 21:33:15;ADMIN;16534;200;2.0;OJAL;3;2.32
20250910213315-16534;2025-09-10 21:33:15;ADMIN;16534;200;3.0;BOTONAR;2;8.69
20250910213315-16534;2025-09-10 21:33:15;ADMIN;16534;200;4.0;PLANCHADO;4;26.06
20250910220652-14921;2025-09-10 22:06:52;ADMIN;14921;150;1.0;CERRAR LADOS 15CM (FILETEADORA);1;44.61
20250910220652-14921;2025-09-10 22:06:52;ADMIN;14921;150;2.0;FILETEAR RUEDO 100CM RUCHE;4;25.49
20250910220652-14921;2025-09-10 22:06:52;ADMIN;14921;150;3.0;CERRAR LADO 100CM (FIL);2;33.33
20250910220652-14921;2025-09-10 22:06:52;ADMIN;14921;150;4.0;FIJAR MARQUILLA (PLANA);3;10.29
20250910220652-14921;2025-09-10 22:06:52;ADMIN;14921;150;5.0;DOBLAR FORMANDO ENCUADRE 5CM LARGO 2 ANCHO;5;21.08
20250910220652-14921;2025-09-10 22:06:52;ADMIN;14921;150;6.0;DOBLADILLAR RUEDO DE FALDA 100CM  (RES 2AG);3;29.9
20250910220652-14921;2025-09-10 22:06:52;ADMIN;14921;150;7.0;INTRODUCIR PITILLO;5;15.69
20250910220652-14921;2025-09-10 22:06:52;ADMIN;14921;150;8.0;INTRODUCIR CHAQUIRAS Y ANUDAR;2;16.67
20250910220652-14921;2025-09-10 22:06:52;ADMIN;14921;150;9.0;REVISAR PAREO;4;13.24
20250910220652-14921;2025-09-10 22:06:52;ADMIN;14921;150;10.0;ETIQUETAR PRENDA *2;2;5.88
20250910220652-14921;2025-09-10 22:06:52;ADMIN;14921;150;11.0;PEGAR STICKER A BOLSA INDIVIDUAL JADE;5;3.43
20250910220652-14921;2025-09-10 22:06:52;ADMIN;14921;150;12.0;EMPACAR PANTY EN BOLSA INDIVIDUAL;2;6.37
20250910220652-14921;2025-09-10 22:06:52;ADMIN;14921;150;13.0;EMPACAR PANTY EN CAJA GRANDE;4;0.49
20250910220652-14921;2025-09-10 22:06:52;ADMIN;14921;150;1.0;PUNTEAR OJAL;1;14.71
20250910220652-14921;2025-09-10 22:06:52;ADMIN;14921;150;2.0;OJAL;5;19.61
20250910220652-14921;2025-09-10 22:06:52;ADMIN;14921;150;3.0;BOTONAR;4;19.61
20250910220652-14921;2025-09-10 22:06:52;ADMIN;14921;150;4.0;PLANCHADO;3;19.61
20250912151625-14921;2025-09-12 15:16:25;ADMIN;14921;150;1.0;CERRAR LADOS 15CM (FILETEADORA);1;44.61
20250912151625-14921;2025-09-12 15:16:25;ADMIN;14921;150;2.0;FILETEAR RUEDO 100CM RUCHE;4;25.49
20250912151625-14921;2025-09-12 15:16:25;ADMIN;14921;150;3.0;CERRAR LADO 100CM (FIL);2;33.33
20250912151625-14921;2025-09-12 15:16:25;ADMIN;14921;150;4.0;FIJAR MARQUILLA (PLANA);3;10.29
20250912151625-14921;2025-09-12 15:16:25;ADMIN;14921;150;5.0;DOBLAR FORMANDO ENCUADRE 5CM LARGO 2 ANCHO;5;21.08
20250912151625-14921;2025-09-12 15:16:25;ADMIN;14921;150;6.0;DOBLADILLAR RUEDO DE FALDA 100CM  (RES 2AG);3;29.9
20250912151625-14921;2025-09-12 15:16:25;ADMIN;14921;150;7.0;INTRODUCIR PITILLO;5;15.69
20250912151625-14921;2025-09-12 15:16:25;ADMIN;14921;150;8.0;INTRODUCIR CHAQUIRAS Y ANUDAR;2;16.67
20250912151625-14921;2025-09-12 15:16:25;ADMIN;14921;150;9.0;REVISAR PAREO;4;13.24
20250912151625-14921;2025-09-12 15:16:25;ADMIN;14921;150;10.0;ETIQUETAR PRENDA *2;2;5.88
20250912151625-14921;2025-09-12 15:16:25;ADMIN;14921;150;11.0;PEGAR STICKER A BOLSA INDIVIDUAL JADE;5;3.43
20250912151625-14921;2025-09-12 15:16:25;ADMIN;14921;150;12.0;EMPACAR PANTY EN BOLSA INDIVIDUAL;2;6.37
20250912151625-14921;2025-09-12 15:16:25;ADMIN;14921;150;13.0;EMPACAR PANTY EN CAJA GRANDE;4;0.49
20250912151625-14921;2025-09-12 15:16:25;ADMIN;14921;150;1.0;PUNTEAR OJAL;1;14.71
20250912151625-14921;2025-09-12 15:16:25;ADMIN;14921;150;2.0;OJAL;5;19.61
20250912151625-14921;2025-09-12 15:16:25;ADMIN;14921;150;3.0;BOTONAR;4;19.61
20250912151625-14921;2025-09-12 15:16:25;ADMIN;14921;150;4.0;PLANCHADO;3;19.61
20250913143037-14921;2025-09-13 14:30:37;ADMIN;14921;150;1.0;CERRAR LADOS 15CM (FILETEADORA);1;44.61
20250913143037-14921;2025-09-13 14:30:37;ADMIN;14921;150;2.0;FILETEAR RUEDO 100CM RUCHE;4;25.49
20250913143037-14921;2025-09-13 14:30:37;ADMIN;14921;150;3.0;CERRAR LADO 100CM (FIL);2;33.33
20250913143037-14921;2025-09-13 14:30:37;ADMIN;14921;150;4.0;FIJAR MARQUILLA (PLANA);3;10.29
20250913143037-14921;2025-09-13 14:30:37;ADMIN;14921;150;5.0;DOBLAR FORMANDO ENCUADRE 5CM LARGO 2 ANCHO;5;21.08
20250913143037-14921;2025-09-13 14:30:37;ADMIN;14921;150;6.0;DOBLADILLAR RUEDO DE FALDA 100CM  (RES 2AG);3;29.9
20250913143037-14921;2025-09-13 14:30:37;ADMIN;14921;150;7.0;INTRODUCIR PITILLO;5;15.69
20250913143037-14921;2025-09-13 14:30:37;ADMIN;14921;150;8.0;INTRODUCIR CHAQUIRAS Y ANUDAR;2;16.67
20250913143037-14921;2025-09-13 14:30:37;ADMIN;14921;150;9.0;REVISAR PAREO;4;13.24
20250913143037-14921;2025-09-13 14:30:37;ADMIN;14921;150;10.0;ETIQUETAR PRENDA *2;2;5.88
20250913143037-14921;2025-09-13 14:30:37;ADMIN;14921;150;11.0;PEGAR STICKER A BOLSA INDIVIDUAL JADE;5;3.43
20250913143037-14921;2025-09-13 14:30:37;ADMIN;14921;150;12.0;EMPACAR PANTY EN BOLSA INDIVIDUAL;2;6.37
20250913143037-14921;2025-09-13 14:30:37;ADMIN;14921;150;13.0;EMPACAR PANTY EN CAJA GRANDE;4;0.49
20250913143037-14921;2025-09-13 14:30:37;ADMIN;14921;150;1.0;PUNTEAR OJAL;1;14.71
20250913143037-14921;2025-09-13 14:30:37;ADMIN;14921;150;2.0;OJAL;5;19.61
20250913143037-14921;2025-09-13 14:30:37;ADMIN;14921;150;3.0;BOTONAR;4;19.61
20250913143037-14921;2025-09-13 14:30:37;ADMIN;14921;150;4.0;PLANCHADO;3;19.61
20250915090540-14921;2025-09-15 09:05:40;ADMIN;14921;150;1.0;CERRAR LADOS 15CM (FILETEADORA);1;356.87
20250915090540-14921;2025-09-15 09:05:40;ADMIN;14921;150;2.0;FILETEAR RUEDO 100CM RUCHE;4;203.92
20250915090540-14921;2025-09-15 09:05:40;ADMIN;14921;150;3.0;CERRAR LADO 100CM (FIL);2;266.67
20250915090540-14921;2025-09-15 09:05:40;ADMIN;14921;150;4.0;FIJAR MARQUILLA (PLANA);3;82.35
20250915090540-14921;2025-09-15 09:05:40;ADMIN;14921;150;5.0;DOBLAR FORMANDO ENCUADRE 5CM LARGO 2 ANCHO;5;168.63
20250915090540-14921;2025-09-15 09:05:40;ADMIN;14921;150;6.0;DOBLADILLAR RUEDO DE FALDA 100CM  (RES 2AG);3;239.22
20250915090540-14921;2025-09-15 09:05:40;ADMIN;14921;150;7.0;INTRODUCIR PITILLO;5;125.49
20250915090540-14921;2025-09-15 09:05:40;ADMIN;14921;150;8.0;INTRODUCIR CHAQUIRAS Y ANUDAR;2;133.33
20250915090540-14921;2025-09-15 09:05:40;ADMIN;14921;150;9.0;REVISAR PAREO;4;105.88
20250915090540-14921;2025-09-15 09:05:40;ADMIN;14921;150;10.0;ETIQUETAR PRENDA *2;2;47.06
20250915090540-14921;2025-09-15 09:05:40;ADMIN;14921;150;11.0;PEGAR STICKER A BOLSA INDIVIDUAL JADE;5;27.45
20250915090540-14921;2025-09-15 09:05:40;ADMIN;14921;150;12.0;EMPACAR PANTY EN BOLSA INDIVIDUAL;2;50.98
20250915090540-14921;2025-09-15 09:05:40;ADMIN;14921;150;13.0;EMPACAR PANTY EN CAJA GRANDE;4;3.92
20250915090540-14921;2025-09-15 09:05:40;ADMIN;14921;150;1.0;PUNTEAR OJAL;1;117.65
20250915090540-14921;2025-09-15 09:05:40;ADMIN;14921;150;2.0;OJAL;5;156.86
20250915090540-14921;2025-09-15 09:05:40;ADMIN;14921;150;3.0;BOTONAR;4;156.86
20250915090540-14921;2025-09-15 09:05:40;ADMIN;14921;150;4.0;PLANCHADO;3;156.86
20250915090548-16534;2025-09-15 09:05:48;ADMIN-AUTO;16534;200;12.0;EMPACAR EN BOLSA INDIVIDUAL;1;364.70880000000005
20250915090548-16534;2025-09-15 09:05:48;ADMIN-AUTO;16534;200;2.0;FILETEAR RUEDO 100CM RUCHE;1;39.21600000000001
20250915090548-16534;2025-09-15 09:05:48;ADMIN-AUTO;16534;200;7.0;INTRODUCIR PITILLO;2;325.4928
20250915090548-16534;2025-09-15 09:05:48;ADMIN-AUTO;16534;200;3.0;BOTONAR;2;58.824
20250915090548-16534;2025-09-15 09:05:48;ADMIN-AUTO;16534;200;4.0;FIJAR MARQUILLA (PLANA);2;19.608000000000004
20250915090548-16534;2025-09-15 09:05:48;ADMIN-AUTO;16534;200;10.0;ETIQUETAR PRENDA *2;3;305.88480000000004
20250915090548-16534;2025-09-15 09:05:48;ADMIN-AUTO;16534;200;13.0;VERIFICAR CARTONES DE GUARDADO;3;78.43200000000002
20250915090548-16534;2025-09-15 09:05:48;ADMIN-AUTO;16534;200;2.0;OJAL;3;15.6864
20250915090548-16534;2025-09-15 09:05:48;ADMIN-AUTO;16534;200;4.0;PLANCHADO;4;176.472
20250915090548-16534;2025-09-15 09:05:48;ADMIN-AUTO;16534;200;1.0;CERRAR LADOS 15CM (FILETEADORA);4;105.88320000000002
20250915090548-16534;2025-09-15 09:05:48;ADMIN-AUTO;16534;200;3.0;CERRAR LADO 100CM (FIL);4;82.3536
20250915090548-16534;2025-09-15 09:05:48;ADMIN-AUTO;16534;200;5.0;DOBLAR FORMANDO ENCUADRE 5CM LARGO 2 ANCHO;4;50.9808
20250915090548-16534;2025-09-15 09:05:48;ADMIN-AUTO;16534;200;11.0;PEGAR STICKER A BOLSA INDIVIDUAL JADE;5;117.648
20250915090548-16534;2025-09-15 09:05:48;ADMIN-AUTO;16534;200;1.0;PUNTEAR OJAL;5;113.7264
20250915090548-16534;2025-09-15 09:05:48;ADMIN-AUTO;16534;200;9.0;REVISAR CUELLO;5;86.27520000000001
20250915090548-16534;2025-09-15 09:05:48;ADMIN-AUTO;16534;200;6.0;DOBLADILLAR RUEDO DE FALDA 100CM  (RES 2AG);5;58.824
20250915090548-16534;2025-09-15 09:05:48;ADMIN-AUTO;16534;200;8.0;INTRODUCIR BOLSILLO;5;31.3728
20250915091702-14921;2025-09-15 09:17:02;ADMIN-AUTO;14921;150;1.0;CERRAR LADOS 15CM (FILETEADORA);1;241.59590000000003
20250915091702-14921;2025-09-15 09:17:02;ADMIN-AUTO;14921;150;1.0;PUNTEAR OJAL;1;79.647
20250915091702-14921;2025-09-15 09:17:02;ADMIN-AUTO;14921;150;3.0;CERRAR LADO 100CM (FIL);2;180.53320000000002
20250915091702-14921;2025-09-15 09:17:02;ADMIN-AUTO;14921;150;8.0;INTRODUCIR CHAQUIRAS Y ANUDAR;2;90.26660000000001
20250915091702-14921;2025-09-15 09:17:02;ADMIN-AUTO;14921;150;12.0;EMPACAR PANTY EN BOLSA INDIVIDUAL;2;34.5137
20250915091702-14921;2025-09-15 09:17:02;ADMIN-AUTO;14921;150;10.0;ETIQUETAR PRENDA *2;2;31.8588
20250915091702-14921;2025-09-15 09:17:02;ADMIN-AUTO;14921;150;6.0;DOBLADILLAR RUEDO DE FALDA 100CM  (RES 2AG);3;161.9489
20250915091702-14921;2025-09-15 09:17:02;ADMIN-AUTO;14921;150;4.0;PLANCHADO;3;106.19600000000001
20250915091702-14921;2025-09-15 09:17:02;ADMIN-AUTO;14921;150;4.0;FIJAR MARQUILLA (PLANA);3;55.7529
20250915091702-14921;2025-09-15 09:17:02;ADMIN-AUTO;14921;150;2.0;FILETEAR RUEDO 100CM RUCHE;4;138.0548
20250915091702-14921;2025-09-15 09:17:02;ADMIN-AUTO;14921;150;3.0;BOTONAR;4;106.19600000000001
20250915091702-14921;2025-09-15 09:17:02;ADMIN-AUTO;14921;150;9.0;REVISAR PAREO;4;71.68230000000001
20250915091702-14921;2025-09-15 09:17:02;ADMIN-AUTO;14921;150;13.0;EMPACAR PANTY EN CAJA GRANDE;4;2.6549
20250915091702-14921;2025-09-15 09:17:02;ADMIN-AUTO;14921;150;5.0;DOBLAR FORMANDO ENCUADRE 5CM LARGO 2 ANCHO;5;114.1607
20250915091702-14921;2025-09-15 09:17:02;ADMIN-AUTO;14921;150;2.0;OJAL;5;106.19600000000001
20250915091702-14921;2025-09-15 09:17:02;ADMIN-AUTO;14921;150;7.0;INTRODUCIR PITILLO;5;84.9568
20250915091702-14921;2025-09-15 09:17:02;ADMIN-AUTO;14921;150;11.0;PEGAR STICKER A BOLSA INDIVIDUAL JADE;5;18.584300000000002
20250915091702-18673;2025-09-15 09:17:02;ADMIN-AUTO;18673;350;13.0;EMPACAR EN CAJA GRANDE;1;246.90570000000002
20250915091702-18673;2025-09-15 09:17:02;ADMIN-AUTO;18673;350;4.0;FIJAR MARQUILLA (PLANA);1;148.67440000000002
20250915091702-18673;2025-09-15 09:17:02;ADMIN-AUTO;18673;350;2.0;OJAL;1;66.3725
20250915091702-18673;2025-09-15 09:17:02;ADMIN-AUTO;18673;350;10.0;ETIQUETAR PRENDA *2;2;236.2861
20250915091702-18673;2025-09-15 09:17:02;ADMIN-AUTO;18673;350;12.0;EMPACAR EN BOLSA INDIVIDUAL;2;161.9489
20250915091702-18673;2025-09-15 09:17:02;ADMIN-AUTO;18673;350;3.0;CERRAR LADO 100CM (FIL);2;55.7529
20250915091702-18673;2025-09-15 09:17:02;ADMIN-AUTO;18673;350;8.0;INTRODUCIR DETALLES ENCAJE;2;23.8941
20250915091702-18673;2025-09-15 09:17:02;ADMIN-AUTO;18673;350;3.0;BOTONAR;3;228.3214
20250915091702-18673;2025-09-15 09:17:02;ADMIN-AUTO;18673;350;1.0;PUNTEAR OJAL;3;172.5685
20250915091702-18673;2025-09-15 09:17:02;ADMIN-AUTO;18673;350;2.0;FILETEAR RUEDO 100CM RUCHE;3;47.7882
20250915091702-18673;2025-09-15 09:17:02;ADMIN-AUTO;18673;350;5.0;DOBLAR FORMANDO ENCUADRE 5CM LARGO 2 ANCHO;3;23.8941
20250915091702-18673;2025-09-15 09:17:02;ADMIN-AUTO;18673;350;9.0;REVISAR CUELLO;4;215.04690000000002
20250915091702-18673;2025-09-15 09:17:02;ADMIN-AUTO;18673;350;4.0;PLANCHADO;4;175.22340000000003
20250915091702-18673;2025-09-15 09:17:02;ADMIN-AUTO;18673;350;6.0;DOBLADILLAR RUEDO DE ESPALDA 100CM  (RES 2AG);4;79.647
20250915091702-18673;2025-09-15 09:17:02;ADMIN-AUTO;18673;350;1.0;CERRAR LADOS 15CM (FILETEADORA);5;199.1175
20250915091702-18673;2025-09-15 09:17:02;ADMIN-AUTO;18673;350;7.0;INTRODUCIR LIENAS;5;180.53320000000002
20250915091702-18673;2025-09-15 09:17:02;ADMIN-AUTO;18673;350;11.0;PEGAR STICKER A BOLSA INDIVIDUAL JADE;5;138.0548
20250915104759-14921;2025-09-15 10:47:59;ADMIN;14921;150;1.0;CERRAR LADOS 15CM (FILETEADORA);1;356.87
20250915104759-14921;2025-09-15 10:47:59;ADMIN;14921;150;2.0;FILETEAR RUEDO 100CM RUCHE;4;203.92
20250915104759-14921;2025-09-15 10:47:59;ADMIN;14921;150;3.0;CERRAR LADO 100CM (FIL);2;266.67
20250915104759-14921;2025-09-15 10:47:59;ADMIN;14921;150;4.0;FIJAR MARQUILLA (PLANA);3;82.35
20250915104759-14921;2025-09-15 10:47:59;ADMIN;14921;150;5.0;DOBLAR FORMANDO ENCUADRE 5CM LARGO 2 ANCHO;5;168.63
20250915104759-14921;2025-09-15 10:47:59;ADMIN;14921;150;6.0;DOBLADILLAR RUEDO DE FALDA 100CM  (RES 2AG);3;239.22
20250915104759-14921;2025-09-15 10:47:59;ADMIN;14921;150;7.0;INTRODUCIR PITILLO;5;125.49
20250915104759-14921;2025-09-15 10:47:59;ADMIN;14921;150;8.0;INTRODUCIR CHAQUIRAS Y ANUDAR;2;133.33
20250915104759-14921;2025-09-15 10:47:59;ADMIN;14921;150;9.0;REVISAR PAREO;4;105.88
20250915104759-14921;2025-09-15 10:47:59;ADMIN;14921;150;10.0;ETIQUETAR PRENDA *2;2;47.06
20250915104759-14921;2025-09-15 10:47:59;ADMIN;14921;150;11.0;PEGAR STICKER A BOLSA INDIVIDUAL JADE;5;27.45
20250915104759-14921;2025-09-15 10:47:59;ADMIN;14921;150;12.0;EMPACAR PANTY EN BOLSA INDIVIDUAL;2;50.98
20250915104759-14921;2025-09-15 10:47:59;ADMIN;14921;150;13.0;EMPACAR PANTY EN CAJA GRANDE;4;3.92
20250915104759-14921;2025-09-15 10:47:59;ADMIN;14921;150;1.0;PUNTEAR OJAL;1;117.65
20250915104759-14921;2025-09-15 10:47:59;ADMIN;14921;150;2.0;OJAL;5;156.86
20250915104759-14921;2025-09-15 10:47:59;ADMIN;14921;150;3.0;BOTONAR;4;156.86
20250915104759-14921;2025-09-15 10:47:59;ADMIN;14921;150;4.0;PLANCHADO;3;156.86
20250915214854-14921;2025-09-15 21:48:54;ADMIN;14921;150;1;CERRAR LADOS 15CM (FILETEADORA);1;44.61
20250915214854-14921;2025-09-15 21:48:54;ADMIN;14921;150;5;FILETEAR RUEDO 100CM RUCHE;1;15.39
20250915214854-14921;2025-09-15 21:48:54;ADMIN;14921;150;9;CERRAR LADO 100CM (FIL);2;33.33
20250915214854-14921;2025-09-15 21:48:54;ADMIN;14921;150;13;FIJAR MARQUILLA (PLANA);2;10.29
20250915214854-14921;2025-09-15 21:48:54;ADMIN;14921;150;17;DOBLAR FORMANDO ENCUADRE 5CM LARGO 2 ANCHO;2;6.27
20250915214854-14921;2025-09-15 21:48:54;ADMIN;14921;150;21;DOBLADILLAR RUEDO DE FALDA 100CM  (RES 2AG);3;29.9
20250915214854-14921;2025-09-15 21:48:54;ADMIN;14921;150;25;INTRODUCIR PITILLO;3;15.29
20250915214854-14921;2025-09-15 21:48:54;ADMIN;14921;150;29;INTRODUCIR CHAQUIRAS Y ANUDAR;4;16.67
20250915214854-14921;2025-09-15 21:48:54;ADMIN;14921;150;33;REVISAR PAREO;4;13.24
20250915214854-14921;2025-09-15 21:48:54;ADMIN;14921;150;37;ETIQUETAR PRENDA *2;4;5.88
20250915214854-14921;2025-09-15 21:48:54;ADMIN;14921;150;41;PEGAR STICKER A BOLSA INDIVIDUAL JADE;4;3.43
20250915214854-14921;2025-09-15 21:48:54;ADMIN;14921;150;45;EMPACAR PANTY EN BOLSA INDIVIDUAL;4;6.37
20250915214854-14921;2025-09-15 21:48:54;ADMIN;14921;150;49;EMPACAR PANTY EN CAJA GRANDE;4;0.49
20250915214854-14921;2025-09-15 21:48:54;ADMIN;14921;150;53;PUNTEAR OJAL;4;13.53
20250915214854-14921;2025-09-15 21:48:54;ADMIN;14921;150;57;OJAL;5;19.61
20250915214854-14921;2025-09-15 21:48:54;ADMIN;14921;150;61;BOTONAR;5;19.61
20250915214854-14921;2025-09-15 21:48:54;ADMIN;14921;150;65;PLANCHADO;5;19.61
20250915214911-14921;2025-09-15 21:49:11;ADMIN-AUTO;14921;150;1;CERRAR LADOS 15CM (FILETEADORA);1;52.7072
20250915214911-14921;2025-09-15 21:49:11;ADMIN-AUTO;14921;150;53;PUNTEAR OJAL;1;17.376
20250915214911-14921;2025-09-15 21:49:11;ADMIN-AUTO;14921;150;9;CERRAR LADO 100CM (FIL);2;39.385600000000004
20250915214911-14921;2025-09-15 21:49:11;ADMIN-AUTO;14921;150;29;INTRODUCIR CHAQUIRAS Y ANUDAR;2;19.692800000000002
20250915214911-14921;2025-09-15 21:49:11;ADMIN-AUTO;14921;150;45;EMPACAR PANTY EN BOLSA INDIVIDUAL;2;7.5296
20250915214911-14921;2025-09-15 21:49:11;ADMIN-AUTO;14921;150;37;ETIQUETAR PRENDA *2;2;6.9504
20250915214911-14921;2025-09-15 21:49:11;ADMIN-AUTO;14921;150;21;DOBLADILLAR RUEDO DE FALDA 100CM  (RES 2AG);3;35.3312
20250915214911-14921;2025-09-15 21:49:11;ADMIN-AUTO;14921;150;65;PLANCHADO;3;23.168000000000003
20250915214911-14921;2025-09-15 21:49:11;ADMIN-AUTO;14921;150;13;FIJAR MARQUILLA (PLANA);3;12.1632
20250915214911-14921;2025-09-15 21:49:11;ADMIN-AUTO;14921;150;5;FILETEAR RUEDO 100CM RUCHE;4;30.1184
20250915214911-14921;2025-09-15 21:49:11;ADMIN-AUTO;14921;150;61;BOTONAR;4;23.168000000000003
20250915214911-14921;2025-09-15 21:49:11;ADMIN-AUTO;14921;150;33;REVISAR PAREO;4;15.6384
20250915214911-14921;2025-09-15 21:49:11;ADMIN-AUTO;14921;150;49;EMPACAR PANTY EN CAJA GRANDE;4;0.5792
20250915214911-14921;2025-09-15 21:49:11;ADMIN-AUTO;14921;150;17;DOBLAR FORMANDO ENCUADRE 5CM LARGO 2 ANCHO;5;24.9056
20250915214911-14921;2025-09-15 21:49:11;ADMIN-AUTO;14921;150;57;OJAL;5;23.168000000000003
20250915214911-14921;2025-09-15 21:49:11;ADMIN-AUTO;14921;150;25;INTRODUCIR PITILLO;5;18.5344
20250915214911-14921;2025-09-15 21:49:11;ADMIN-AUTO;14921;150;41;PEGAR STICKER A BOLSA INDIVIDUAL JADE;5;4.0544
20250915214911-16534;2025-09-15 21:49:11;ADMIN-AUTO;16534;200;46;EMPACAR EN BOLSA INDIVIDUAL;1;53.86560000000001
20250915214911-16534;2025-09-15 21:49:11;ADMIN-AUTO;16534;200;6;FILETEAR RUEDO 100CM RUCHE;1;5.792000000000001
20250915214911-16534;2025-09-15 21:49:11;ADMIN-AUTO;16534;200;26;INTRODUCIR PITILLO;2;48.0736
20250915214911-16534;2025-09-15 21:49:11;ADMIN-AUTO;16534;200;62;BOTONAR;2;8.688
20250915214911-16534;2025-09-15 21:49:11;ADMIN-AUTO;16534;200;14;FIJAR MARQUILLA (PLANA);2;2.8960000000000004
20250915214911-16534;2025-09-15 21:49:11;ADMIN-AUTO;16534;200;38;ETIQUETAR PRENDA *2;3;45.177600000000005
20250915214911-16534;2025-09-15 21:49:11;ADMIN-AUTO;16534;200;50;VERIFICAR CARTONES DE GUARDADO;3;11.584000000000001
20250915214911-16534;2025-09-15 21:49:11;ADMIN-AUTO;16534;200;58;OJAL;3;2.3168
20250915214911-16534;2025-09-15 21:49:11;ADMIN-AUTO;16534;200;66;PLANCHADO;4;26.064
20250915214911-16534;2025-09-15 21:49:11;ADMIN-AUTO;16534;200;2;CERRAR LADOS 15CM (FILETEADORA);4;15.6384
20250915214911-16534;2025-09-15 21:49:11;ADMIN-AUTO;16534;200;10;CERRAR LADO 100CM (FIL);4;12.1632
20250915214911-16534;2025-09-15 21:49:11;ADMIN-AUTO;16534;200;18;DOBLAR FORMANDO ENCUADRE 5CM LARGO 2 ANCHO;4;7.5296
20250915214911-16534;2025-09-15 21:49:11;ADMIN-AUTO;16534;200;42;PEGAR STICKER A BOLSA INDIVIDUAL JADE;5;17.376
20250915214911-16534;2025-09-15 21:49:11;ADMIN-AUTO;16534;200;54;PUNTEAR OJAL;5;16.7968
20250915214911-16534;2025-09-15 21:49:11;ADMIN-AUTO;16534;200;34;REVISAR CUELLO;5;12.7424
20250915214911-16534;2025-09-15 21:49:11;ADMIN-AUTO;16534;200;22;DOBLADILLAR RUEDO DE FALDA 100CM  (RES 2AG);5;8.688
20250915214911-16534;2025-09-15 21:49:11;ADMIN-AUTO;16534;200;30;INTRODUCIR BOLSILLO;5;4.6336
20250916174200-14921;2025-09-16 17:42:00;ADMIN;14921;150;1;CERRAR LADOS 15CM (FILETEADORA);1;44.61
20250916174200-14921;2025-09-16 17:42:00;ADMIN;14921;150;5;FILETEAR RUEDO 100CM RUCHE;1;15.39
20250916174200-14921;2025-09-16 17:42:00;ADMIN;14921;150;9;CERRAR LADO 100CM (FIL);2;33.33
20250916174200-14921;2025-09-16 17:42:00;ADMIN;14921;150;13;FIJAR MARQUILLA (PLANA);2;10.29
20250916174200-14921;2025-09-16 17:42:00;ADMIN;14921;150;17;DOBLAR FORMANDO ENCUADRE 5CM LARGO 2 ANCHO;2;6.27
20250916174200-14921;2025-09-16 17:42:00;ADMIN;14921;150;21;DOBLADILLAR RUEDO DE FALDA 100CM  (RES 2AG);3;29.9
20250916174200-14921;2025-09-16 17:42:00;ADMIN;14921;150;25;INTRODUCIR PITILLO;3;15.29
20250916174200-14921;2025-09-16 17:42:00;ADMIN;14921;150;29;INTRODUCIR CHAQUIRAS Y ANUDAR;4;16.67
20250916174200-14921;2025-09-16 17:42:00;ADMIN;14921;150;33;REVISAR PAREO;4;13.24
20250916174200-14921;2025-09-16 17:42:00;ADMIN;14921;150;37;ETIQUETAR PRENDA *2;4;5.88
20250916174200-14921;2025-09-16 17:42:00;ADMIN;14921;150;41;PEGAR STICKER A BOLSA INDIVIDUAL JADE;4;3.43
20250916174200-14921;2025-09-16 17:42:00;ADMIN;14921;150;45;EMPACAR PANTY EN BOLSA INDIVIDUAL;4;6.37
20250916174200-14921;2025-09-16 17:42:00;ADMIN;14921;150;49;EMPACAR PANTY EN CAJA GRANDE;4;0.49
20250916174200-14921;2025-09-16 17:42:00;ADMIN;14921;150;53;PUNTEAR OJAL;4;13.53
20250916174200-14921;2025-09-16 17:42:00;ADMIN;14921;150;57;OJAL;5;19.61
20250916174200-14921;2025-09-16 17:42:00;ADMIN;14921;150;61;BOTONAR;5;19.61
20250916174200-14921;2025-09-16 17:42:00;ADMIN;14921;150;65;PLANCHADO;5;19.61
20250916193517-14921;2025-09-16 19:35:17;ADMIN;14921;150;1;CERRAR LADOS 15CM (FILETEADORA);1;44.61
20250916193517-14921;2025-09-16 19:35:17;ADMIN;14921;150;5;FILETEAR RUEDO 100CM RUCHE;1;15.39
20250916193517-14921;2025-09-16 19:35:17;ADMIN;14921;150;9;CERRAR LADO 100CM (FIL);2;33.33
20250916193517-14921;2025-09-16 19:35:17;ADMIN;14921;150;13;FIJAR MARQUILLA (PLANA);2;10.29
20250916193517-14921;2025-09-16 19:35:17;ADMIN;14921;150;17;DOBLAR FORMANDO ENCUADRE 5CM LARGO 2 ANCHO;2;6.27
20250916193517-14921;2025-09-16 19:35:17;ADMIN;14921;150;21;DOBLADILLAR RUEDO DE FALDA 100CM  (RES 2AG);3;29.9
20250916193517-14921;2025-09-16 19:35:17;ADMIN;14921;150;25;INTRODUCIR PITILLO;3;15.29
20250916193517-14921;2025-09-16 19:35:17;ADMIN;14921;150;29;INTRODUCIR CHAQUIRAS Y ANUDAR;4;16.67
20250916193517-14921;2025-09-16 19:35:17;ADMIN;14921;150;33;REVISAR PAREO;4;13.24
20250916193517-14921;2025-09-16 19:35:17;ADMIN;14921;150;37;ETIQUETAR PRENDA *2;4;5.88
20250916193517-14921;2025-09-16 19:35:17;ADMIN;14921;150;41;PEGAR STICKER A BOLSA INDIVIDUAL JADE;4;3.43
20250916193517-14921;2025-09-16 19:35:17;ADMIN;14921;150;45;EMPACAR PANTY EN BOLSA INDIVIDUAL;4;6.37
20250916193517-14921;2025-09-16 19:35:17;ADMIN;14921;150;49;EMPACAR PANTY EN CAJA GRANDE;4;0.49
20250916193517-14921;2025-09-16 19:35:17;ADMIN;14921;150;53;PUNTEAR OJAL;4;13.53
20250916193517-14921;2025-09-16 19:35:17;ADMIN;14921;150;57;OJAL;5;19.61
20250916193517-14921;2025-09-16 19:35:17;ADMIN;14921;150;61;BOTONAR;5;19.61
20250916193517-14921;2025-09-16 19:35:17;ADMIN;14921;150;65;PLANCHADO;5;19.61
20250916200215-14921;2025-09-16 20:02:15;ADMIN;14921;150;1;CERRAR LADOS 15CM (FILETEADORA);1;44.61
20250916200215-14921;2025-09-16 20:02:15;ADMIN;14921;150;5;FILETEAR RUEDO 100CM RUCHE;1;15.39
20250916200215-14921;2025-09-16 20:02:15;ADMIN;14921;150;9;CERRAR LADO 100CM (FIL);2;33.33
20250916200215-14921;2025-09-16 20:02:15;ADMIN;14921;150;13;FIJAR MARQUILLA (PLANA);2;10.29
20250916200215-14921;2025-09-16 20:02:15;ADMIN;14921;150;17;DOBLAR FORMANDO ENCUADRE 5CM LARGO 2 ANCHO;2;6.27
20250916200215-14921;2025-09-16 20:02:15;ADMIN;14921;150;21;DOBLADILLAR RUEDO DE FALDA 100CM  (RES 2AG);3;29.9
20250916200215-14921;2025-09-16 20:02:15;ADMIN;14921;150;25;INTRODUCIR PITILLO;3;15.29
20250916200215-14921;2025-09-16 20:02:15;ADMIN;14921;150;29;INTRODUCIR CHAQUIRAS Y ANUDAR;4;16.67
20250916200215-14921;2025-09-16 20:02:15;ADMIN;14921;150;33;REVISAR PAREO;4;13.24
20250916200215-14921;2025-09-16 20:02:15;ADMIN;14921;150;37;ETIQUETAR PRENDA *2;4;5.88
20250916200215-14921;2025-09-16 20:02:15;ADMIN;14921;150;41;PEGAR STICKER A BOLSA INDIVIDUAL JADE;4;3.43
20250916200215-14921;2025-09-16 20:02:15;ADMIN;14921;150;45;EMPACAR PANTY EN BOLSA INDIVIDUAL;4;6.37
20250916200215-14921;2025-09-16 20:02:15;ADMIN;14921;150;49;EMPACAR PANTY EN CAJA GRANDE;4;0.49
20250916200215-14921;2025-09-16 20:02:15;ADMIN;14921;150;53;PUNTEAR OJAL;4;13.53
20250916200215-14921;2025-09-16 20:02:15;ADMIN;14921;150;57;OJAL;5;19.61
20250916200215-14921;2025-09-16 20:02:15;ADMIN;14921;150;61;BOTONAR;5;19.61
20250916200215-14921;2025-09-16 20:02:15;ADMIN;14921;150;65;PLANCHADO;5;19.61
20250916210834-14921;2025-09-16 21:08:34;ADMIN;14921;150;1;CERRAR LADOS 15CM (FILETEADORA);1;44.61
20250916210834-14921;2025-09-16 21:08:34;ADMIN;14921;150;5;FILETEAR RUEDO 100CM RUCHE;1;15.39
20250916210834-14921;2025-09-16 21:08:34;ADMIN;14921;150;9;CERRAR LADO 100CM (FIL);2;33.33
20250916210834-14921;2025-09-16 21:08:34;ADMIN;14921;150;13;FIJAR MARQUILLA (PLANA);2;10.29
20250916210834-14921;2025-09-16 21:08:34;ADMIN;14921;150;17;DOBLAR FORMANDO ENCUADRE 5CM LARGO 2 ANCHO;2;6.27
20250916210834-14921;2025-09-16 21:08:34;ADMIN;14921;150;21;DOBLADILLAR RUEDO DE FALDA 100CM  (RES 2AG);3;29.9
20250916210834-14921;2025-09-16 21:08:34;ADMIN;14921;150;25;INTRODUCIR PITILLO;3;15.29
20250916210834-14921;2025-09-16 21:08:34;ADMIN;14921;150;29;INTRODUCIR CHAQUIRAS Y ANUDAR;4;16.67
20250916210834-14921;2025-09-16 21:08:34;ADMIN;14921;150;33;REVISAR PAREO;4;13.24
20250916210834-14921;2025-09-16 21:08:34;ADMIN;14921;150;37;ETIQUETAR PRENDA *2;4;5.88
20250916210834-14921;2025-09-16 21:08:34;ADMIN;14921;150;41;PEGAR STICKER A BOLSA INDIVIDUAL JADE;4;3.43
20250916210834-14921;2025-09-16 21:08:34;ADMIN;14921;150;45;EMPACAR PANTY EN BOLSA INDIVIDUAL;4;6.37
20250916210834-14921;2025-09-16 21:08:34;ADMIN;14921;150;49;EMPACAR PANTY EN CAJA GRANDE;4;0.49
20250916210834-14921;2025-09-16 21:08:34;ADMIN;14921;150;53;PUNTEAR OJAL;4;13.53
20250916210834-14921;2025-09-16 21:08:34;ADMIN;14921;150;57;OJAL;5;19.61
20250916210834-14921;2025-09-16 21:08:34;ADMIN;14921;150;61;BOTONAR;5;19.61
20250916210834-14921;2025-09-16 21:08:34;ADMIN;14921;150;65;PLANCHADO;5;19.61
20250916211252-18673;2025-09-16 21:12:52;ADMIN;18673;350;3;CERRAR LADOS 15CM (FILETEADORA);1;24.89
20250916211252-18673;2025-09-16 21:12:52;ADMIN;18673;350;7;FILETEAR RUEDO 100CM RUCHE;1;5.97
20250916211252-18673;2025-09-16 21:12:52;ADMIN;18673;350;11;CERRAR LADO 100CM (FIL);1;6.97
20250916211252-18673;2025-09-16 21:12:52;ADMIN;18673;350;15;FIJAR MARQUILLA (PLANA);1;18.59
20250916211252-18673;2025-09-16 21:12:52;ADMIN;18673;350;19;DOBLAR FORMANDO ENCUADRE 5CM LARGO 2 ANCHO;1;2.99
20250916211252-18673;2025-09-16 21:12:52;ADMIN;18673;350;23;DOBLADILLAR RUEDO DE ESPALDA 100CM  (RES 2AG);1;0.59
20250916211252-18673;2025-09-16 21:12:52;ADMIN;18673;350;27;INTRODUCIR LIENAS;2;22.57
20250916211252-18673;2025-09-16 21:12:52;ADMIN;18673;350;31;INTRODUCIR DETALLES ENCAJE;2;2.99
20250916211252-18673;2025-09-16 21:12:52;ADMIN;18673;350;35;REVISAR CUELLO;2;25.08
20250916211252-18673;2025-09-16 21:12:52;ADMIN;18673;350;39;ETIQUETAR PRENDA *2;3;29.54
20250916211252-18673;2025-09-16 21:12:52;ADMIN;18673;350;43;PEGAR STICKER A BOLSA INDIVIDUAL JADE;3;17.26
20250916211252-18673;2025-09-16 21:12:52;ADMIN;18673;350;47;EMPACAR EN BOLSA INDIVIDUAL;3;11.39
20250916211252-18673;2025-09-16 21:12:52;ADMIN;18673;350;51;EMPACAR EN CAJA GRANDE;4;30.87
20250916211252-18673;2025-09-16 21:12:52;ADMIN;18673;350;55;PUNTEAR OJAL;4;20.28
20250916211252-18673;2025-09-16 21:12:52;ADMIN;18673;350;59;OJAL;5;8.3
20250916211252-18673;2025-09-16 21:12:52;ADMIN;18673;350;63;BOTONAR;5;28.54
20250916211252-18673;2025-09-16 21:12:52;ADMIN;18673;350;67;PLANCHADO;5;21.87
20250922134756-14921;2025-09-22 13:47:56;ADMIN;14921;150;1;CERRAR LADOS 15CM (FILETEADORA);1;44.61
20250922134756-14921;2025-09-22 13:47:56;ADMIN;14921;150;5;FILETEAR RUEDO 100CM RUCHE;1;15.39
20250922134756-14921;2025-09-22 13:47:56;ADMIN;14921;150;9;CERRAR LADO 100CM (FIL);2;33.33
20250922134756-14921;2025-09-22 13:47:56;ADMIN;14921;150;13;FIJAR MARQUILLA (PLANA);2;10.29
20250922134756-14921;2025-09-22 13:47:56;ADMIN;14921;150;17;DOBLAR FORMANDO ENCUADRE 5CM LARGO 2 ANCHO;2;6.27
20250922134756-14921;2025-09-22 13:47:56;ADMIN;14921;150;21;DOBLADILLAR RUEDO DE FALDA 100CM  (RES 2AG);3;29.9
20250922134756-14921;2025-09-22 13:47:56;ADMIN;14921;150;25;INTRODUCIR PITILLO;3;15.29
20250922134756-14921;2025-09-22 13:47:56;ADMIN;14921;150;29;INTRODUCIR CHAQUIRAS Y ANUDAR;4;16.67
20250922134756-14921;2025-09-22 13:47:56;ADMIN;14921;150;33;REVISAR PAREO;4;13.24
20250922134756-14921;2025-09-22 13:47:56;ADMIN;14921;150;37;ETIQUETAR PRENDA *2;4;5.88
20250922134756-14921;2025-09-22 13:47:56;ADMIN;14921;150;41;PEGAR STICKER A BOLSA INDIVIDUAL JADE;4;3.43
20250922134756-14921;2025-09-22 13:47:56;ADMIN;14921;150;45;EMPACAR PANTY EN BOLSA INDIVIDUAL;4;6.37
20250922134756-14921;2025-09-22 13:47:56;ADMIN;14921;150;49;EMPACAR PANTY EN CAJA GRANDE;4;0.49
20250922134756-14921;2025-09-22 13:47:56;ADMIN;14921;150;53;PUNTEAR OJAL;4;13.53
20250922134756-14921;2025-09-22 13:47:56;ADMIN;14921;150;57;OJAL;5;19.61
20250922134756-14921;2025-09-22 13:47:56;ADMIN;14921;150;61;BOTONAR;5;19.61
20250922134756-14921;2025-09-22 13:47:56;ADMIN;14921;150;65;PLANCHADO;5;19.61
20250922134955-16534;2025-09-22 13:49:55;ADMIN;16534;200;2;CERRAR LADOS 15CM (FILETEADORA);1;15.64
20250922134955-16534;2025-09-22 13:49:55;ADMIN;16534;200;6;FILETEAR RUEDO 100CM RUCHE;1;5.79
20250922134955-16534;2025-09-22 13:49:55;ADMIN;16534;200;10;CERRAR LADO 100CM (FIL);1;12.16
20250922134955-16534;2025-09-22 13:49:55;ADMIN;16534;200;14;FIJAR MARQUILLA (PLANA);1;2.9
20250922134955-16534;2025-09-22 13:49:55;ADMIN;16534;200;18;DOBLAR FORMANDO ENCUADRE 5CM LARGO 2 ANCHO;1;7.53
20250922134955-16534;2025-09-22 13:49:55;ADMIN;16534;200;22;DOBLADILLAR RUEDO DE FALDA 100CM  (RES 2AG);1;8.69
20250922134955-16534;2025-09-22 13:49:55;ADMIN;16534;200;26;INTRODUCIR PITILLO;1;7.29
20250922134955-16534;2025-09-22 13:49:55;ADMIN;16534;200;30;INTRODUCIR BOLSILLO;2;4.63
20250922134955-16534;2025-09-22 13:49:55;ADMIN;16534;200;34;REVISAR CUELLO;2;12.74
20250922134955-16534;2025-09-22 13:49:55;ADMIN;16534;200;38;ETIQUETAR PRENDA *2;2;1.84
20250922134955-16534;2025-09-22 13:49:55;ADMIN;16534;200;42;PEGAR STICKER A BOLSA INDIVIDUAL JADE;3;16.67
20250922134955-16534;2025-09-22 13:49:55;ADMIN;16534;200;46;EMPACAR EN BOLSA INDIVIDUAL;4;53.87
20250922134955-16534;2025-09-22 13:49:55;ADMIN;16534;200;50;VERIFICAR CARTONES DE GUARDADO;4;5.42
20250922134955-16534;2025-09-22 13:49:55;ADMIN;16534;200;54;PUNTEAR OJAL;5;16.8
20250922134955-16534;2025-09-22 13:49:55;ADMIN;16534;200;58;OJAL;5;2.32
20250922134955-16534;2025-09-22 13:49:55;ADMIN;16534;200;62;BOTONAR;5;8.69
20250922134955-16534;2025-09-22 13:49:55;ADMIN;16534;200;66;PLANCHADO;5;26.04
20250922150121-18673;2025-09-22 15:01:21;ADMIN;18673;350;3;CERRAR LADOS 15CM (FILETEADORA);5;24.89
20250922150121-18673;2025-09-22 15:01:21;ADMIN;18673;350;7;FILETEAR RUEDO 100CM RUCHE;3;5.97
20250922150121-18673;2025-09-22 15:01:21;ADMIN;18673;350;11;CERRAR LADO 100CM (FIL);2;6.97
20250922150121-18673;2025-09-22 15:01:21;ADMIN;18673;350;15;FIJAR MARQUILLA (PLANA);1;18.59
20250922150121-18673;2025-09-22 15:01:21;ADMIN;18673;350;19;DOBLAR FORMANDO ENCUADRE 5CM LARGO 2 ANCHO;3;2.99
20250922150121-18673;2025-09-22 15:01:21;ADMIN;18673;350;23;DOBLADILLAR RUEDO DE ESPALDA 100CM  (RES 2AG);4;9.96
20250922150121-18673;2025-09-22 15:01:21;ADMIN;18673;350;27;INTRODUCIR LIENAS;5;22.57
20250922150121-18673;2025-09-22 15:01:21;ADMIN;18673;350;31;INTRODUCIR DETALLES ENCAJE;2;2.99
20250922150121-18673;2025-09-22 15:01:21;ADMIN;18673;350;35;REVISAR CUELLO;4;26.88
20250922150121-18673;2025-09-22 15:01:21;ADMIN;18673;350;39;ETIQUETAR PRENDA *2;2;29.54
20250922150121-18673;2025-09-22 15:01:21;ADMIN;18673;350;43;PEGAR STICKER A BOLSA INDIVIDUAL JADE;5;17.26
20250922150121-18673;2025-09-22 15:01:21;ADMIN;18673;350;47;EMPACAR EN BOLSA INDIVIDUAL;2;20.25
20250922150121-18673;2025-09-22 15:01:21;ADMIN;18673;350;51;EMPACAR EN CAJA GRANDE;1;30.87
20250922150121-18673;2025-09-22 15:01:21;ADMIN;18673;350;55;PUNTEAR OJAL;3;21.57
20250922150121-18673;2025-09-22 15:01:21;ADMIN;18673;350;59;OJAL;1;8.3
20250922150121-18673;2025-09-22 15:01:21;ADMIN;18673;350;63;BOTONAR;3;28.54
20250922150121-18673;2025-09-22 15:01:21;ADMIN;18673;350;67;PLANCHADO;4;21.91
20250922162611-14921;2025-09-22 16:26:11;ADMIN;14921;150;1;CERRAR LADOS 15CM (FILETEADORA);1;44.61
20250922162611-14921;2025-09-22 16:26:11;ADMIN;14921;150;5;FILETEAR RUEDO 100CM RUCHE;1;15.39
20250922162611-14921;2025-09-22 16:26:11;ADMIN;14921;150;9;CERRAR LADO 100CM (FIL);2;33.33
20250922162611-14921;2025-09-22 16:26:11;ADMIN;14921;150;13;FIJAR MARQUILLA (PLANA);2;10.29
20250922162611-14921;2025-09-22 16:26:11;ADMIN;14921;150;17;DOBLAR FORMANDO ENCUADRE 5CM LARGO 2 ANCHO;2;6.27
20250922162611-14921;2025-09-22 16:26:11;ADMIN;14921;150;21;DOBLADILLAR RUEDO DE FALDA 100CM  (RES 2AG);3;29.9
20250922162611-14921;2025-09-22 16:26:11;ADMIN;14921;150;25;INTRODUCIR PITILLO;3;15.29
20250922162611-14921;2025-09-22 16:26:11;ADMIN;14921;150;29;INTRODUCIR CHAQUIRAS Y ANUDAR;4;16.67
20250922162611-14921;2025-09-22 16:26:11;ADMIN;14921;150;33;REVISAR PAREO;4;13.24
20250922162611-14921;2025-09-22 16:26:11;ADMIN;14921;150;37;ETIQUETAR PRENDA *2;4;5.88
20250922162611-14921;2025-09-22 16:26:11;ADMIN;14921;150;41;PEGAR STICKER A BOLSA INDIVIDUAL JADE;4;3.43
20250922162611-14921;2025-09-22 16:26:11;ADMIN;14921;150;45;EMPACAR PANTY EN BOLSA INDIVIDUAL;4;6.37
20250922162611-14921;2025-09-22 16:26:11;ADMIN;14921;150;49;EMPACAR PANTY EN CAJA GRANDE;4;0.49
20250922162611-14921;2025-09-22 16:26:11;ADMIN;14921;150;53;PUNTEAR OJAL;4;13.53
20250922162611-14921;2025-09-22 16:26:11;ADMIN;14921;150;57;OJAL;5;19.61
20250922162611-14921;2025-09-22 16:26:11;ADMIN;14921;150;61;BOTONAR;5;19.61
20250922162611-14921;2025-09-22 16:26:11;ADMIN;14921;150;65;PLANCHADO;5;19.61
20250922171851-14921;2025-09-22 17:18:51;ADMIN;14921;150;1;CERRAR LADOS 15CM (FILETEADORA);1;44.61
20250922171851-14921;2025-09-22 17:18:51;ADMIN;14921;150;5;FILETEAR RUEDO 100CM RUCHE;1;15.39
20250922171851-14921;2025-09-22 17:18:51;ADMIN;14921;150;9;CERRAR LADO 100CM (FIL);2;33.33
20250922171851-14921;2025-09-22 17:18:51;ADMIN;14921;150;13;FIJAR MARQUILLA (PLANA);2;10.29
20250922171851-14921;2025-09-22 17:18:51;ADMIN;14921;150;17;DOBLAR FORMANDO ENCUADRE 5CM LARGO 2 ANCHO;2;6.27
20250922171851-14921;2025-09-22 17:18:51;ADMIN;14921;150;21;DOBLADILLAR RUEDO DE FALDA 100CM  (RES 2AG);3;29.9
20250922171851-14921;2025-09-22 17:18:51;ADMIN;14921;150;25;INTRODUCIR PITILLO;3;15.29
20250922171851-14921;2025-09-22 17:18:51;ADMIN;14921;150;29;INTRODUCIR CHAQUIRAS Y ANUDAR;4;16.67
20250922171851-14921;2025-09-22 17:18:51;ADMIN;14921;150;33;REVISAR PAREO;4;13.24
20250922171851-14921;2025-09-22 17:18:51;ADMIN;14921;150;37;ETIQUETAR PRENDA *2;4;5.88
20250922171851-14921;2025-09-22 17:18:51;ADMIN;14921;150;41;PEGAR STICKER A BOLSA INDIVIDUAL JADE;4;3.43
20250922171851-14921;2025-09-22 17:18:51;ADMIN;14921;150;45;EMPACAR PANTY EN BOLSA INDIVIDUAL;4;6.37
20250922171851-14921;2025-09-22 17:18:51;ADMIN;14921;150;49;EMPACAR PANTY EN CAJA GRANDE;4;0.49
20250922171851-14921;2025-09-22 17:18:51;ADMIN;14921;150;53;PUNTEAR OJAL;4;13.53
20250922171851-14921;2025-09-22 17:18:51;ADMIN;14921;150;57;OJAL;5;19.61
20250922171851-14921;2025-09-22 17:18:51;ADMIN;14921;150;61;BOTONAR;5;19.61
20250922171851-14921;2025-09-22 17:18:51;ADMIN;14921;150;65;PLANCHADO;5;19.61
20250923074349-14921;2025-09-23 07:43:49;ADMIN;14921;150;1;CERRAR LADOS 15CM (FILETEADORA);1;44.61
20250923074349-14921;2025-09-23 07:43:49;ADMIN;14921;150;5;FILETEAR RUEDO 100CM RUCHE;1;15.39
20250923074349-14921;2025-09-23 07:43:49;ADMIN;14921;150;9;CERRAR LADO 100CM (FIL);2;33.33
20250923074349-14921;2025-09-23 07:43:49;ADMIN;14921;150;13;FIJAR MARQUILLA (PLANA);2;10.29
20250923074349-14921;2025-09-23 07:43:49;ADMIN;14921;150;17;DOBLAR FORMANDO ENCUADRE 5CM LARGO 2 ANCHO;2;6.27
20250923074349-14921;2025-09-23 07:43:49;ADMIN;14921;150;21;DOBLADILLAR RUEDO DE FALDA 100CM  (RES 2AG);3;29.9
20250923074349-14921;2025-09-23 07:43:49;ADMIN;14921;150;25;INTRODUCIR PITILLO;3;15.29
20250923074349-14921;2025-09-23 07:43:49;ADMIN;14921;150;29;INTRODUCIR CHAQUIRAS Y ANUDAR;4;16.67
20250923074349-14921;2025-09-23 07:43:49;ADMIN;14921;150;33;REVISAR PAREO;4;13.24
20250923074349-14921;2025-09-23 07:43:49;ADMIN;14921;150;37;ETIQUETAR PRENDA *2;4;5.88
20250923074349-14921;2025-09-23 07:43:49;ADMIN;14921;150;41;PEGAR STICKER A BOLSA INDIVIDUAL JADE;4;3.43
20250923074349-14921;2025-09-23 07:43:49;ADMIN;14921;150;45;EMPACAR PANTY EN BOLSA INDIVIDUAL;4;6.37
20250923074349-14921;2025-09-23 07:43:49;ADMIN;14921;150;49;EMPACAR PANTY EN CAJA GRANDE;4;0.49
20250923074349-14921;2025-09-23 07:43:49;ADMIN;14921;150;53;PUNTEAR OJAL;4;13.53
20250923074349-14921;2025-09-23 07:43:49;ADMIN;14921;150;57;OJAL;5;19.61
20250923074349-14921;2025-09-23 07:43:49;ADMIN;14921;150;61;BOTONAR;5;19.61
20250923074349-14921;2025-09-23 07:43:49;ADMIN;14921;150;65;PLANCHADO;5;19.61
20250923074434-13456;2025-09-23 07:44:34;ADMIN;13456;180;4;CERRAR LADOS 15CM (FILETEADORA);1;33.69
20250923074434-13456;2025-09-23 07:44:34;ADMIN;13456;180;8;FILETEAR RUEDO 100CM RUCHE;1;11.23
20250923074434-13456;2025-09-23 07:44:34;ADMIN;13456;180;12;CERRAR LADO 100CM (FIL);1;15.08
20250923074434-13456;2025-09-23 07:44:34;ADMIN;13456;180;16;FIJAR MARQUILLA (PLANA);2;13.69
20250923074434-13456;2025-09-23 07:44:34;ADMIN;13456;180;20;DOBLAR FORMANDO ENCUADRE 5CM LARGO 2 ANCHO;2;29.12
20250923074434-13456;2025-09-23 07:44:34;ADMIN;13456;180;24;DOBLADILLAR RUEDO DE CUELLO 100CM  (RES 2AG);2;15.08
20250923074434-13456;2025-09-23 07:44:34;ADMIN;13456;180;28;INTRODUCIR PITILLO;3;8.77
20250923074434-13456;2025-09-23 07:44:34;ADMIN;13456;180;32;INTRODUCIR BOLSILLO;3;29.12
20250923074434-13456;2025-09-23 07:44:34;ADMIN;13456;180;36;REVISAR PAREO;3;12.97
20250923074434-13456;2025-09-23 07:44:34;ADMIN;13456;180;40;ETIQUETAR PRENDA *2;4;9.47
20250923074434-13456;2025-09-23 07:44:34;ADMIN;13456;180;44;PEGAR STICKER A BOLSA INDIVIDUAL JADE;4;1.05
20250923074434-13456;2025-09-23 07:44:34;ADMIN;13456;180;48;EMPACAR EN BOLSA INDIVIDUAL;4;1.05
20250923074434-13456;2025-09-23 07:44:34;ADMIN;13456;180;52;EMPACAR EN CAJA GRANDE;4;12.28
20250923074434-13456;2025-09-23 07:44:34;ADMIN;13456;180;56;PUNTEAR OJAL;4;15.42
20250923074434-13456;2025-09-23 07:44:34;ADMIN;13456;180;60;OJAL;5;25.26
20250923074434-13456;2025-09-23 07:44:34;ADMIN;13456;180;64;BOTONAR;5;34.04
20250923074434-13456;2025-09-23 07:44:34;ADMIN;13456;180;68;PLANCHADO;5;0.33
20250923154616-14921;2025-09-23 15:46:16;ADMIN;14921;150;1;CERRAR LADOS 15CM (FILETEADORA);1;44.61
20250923154616-14921;2025-09-23 15:46:16;ADMIN;14921;150;5;FILETEAR RUEDO 100CM RUCHE;1;15.39
20250923154616-14921;2025-09-23 15:46:16;ADMIN;14921;150;9;CERRAR LADO 100CM (FIL);2;33.33
20250923154616-14921;2025-09-23 15:46:16;ADMIN;14921;150;13;FIJAR MARQUILLA (PLANA);2;10.29
20250923154616-14921;2025-09-23 15:46:16;ADMIN;14921;150;17;DOBLAR FORMANDO ENCUADRE 5CM LARGO 2 ANCHO;2;6.27
20250923154616-14921;2025-09-23 15:46:16;ADMIN;14921;150;21;DOBLADILLAR RUEDO DE FALDA 100CM  (RES 2AG);3;29.9
20250923154616-14921;2025-09-23 15:46:16;ADMIN;14921;150;25;INTRODUCIR PITILLO;3;15.29
20250923154616-14921;2025-09-23 15:46:16;ADMIN;14921;150;29;INTRODUCIR CHAQUIRAS Y ANUDAR;4;16.67
20250923154616-14921;2025-09-23 15:46:16;ADMIN;14921;150;33;REVISAR PAREO;4;13.24
20250923154616-14921;2025-09-23 15:46:16;ADMIN;14921;150;37;ETIQUETAR PRENDA *2;4;5.88
20250923154616-14921;2025-09-23 15:46:16;ADMIN;14921;150;41;PEGAR STICKER A BOLSA INDIVIDUAL JADE;4;3.43
20250923154616-14921;2025-09-23 15:46:16;ADMIN;14921;150;45;EMPACAR PANTY EN BOLSA INDIVIDUAL;4;6.37
20250923154616-14921;2025-09-23 15:46:16;ADMIN;14921;150;49;EMPACAR PANTY EN CAJA GRANDE;4;0.49
20250923154616-14921;2025-09-23 15:46:16;ADMIN;14921;150;53;PUNTEAR OJAL;4;13.53
20250923154616-14921;2025-09-23 15:46:16;ADMIN;14921;150;57;OJAL;5;19.61
20250923154616-14921;2025-09-23 15:46:16;ADMIN;14921;150;61;BOTONAR;5;19.61
20250923154616-14921;2025-09-23 15:46:16;ADMIN;14921;150;65;PLANCHADO;5;19.61
20250923160543-14921;2025-09-23 16:05:43;ADMIN;14921;150;1;CERRAR LADOS 15CM (FILETEADORA);1;44.61
20250923160543-14921;2025-09-23 16:05:43;ADMIN;14921;150;5;FILETEAR RUEDO 100CM RUCHE;1;15.39
20250923160543-14921;2025-09-23 16:05:43;ADMIN;14921;150;9;CERRAR LADO 100CM (FIL);2;33.33
20250923160543-14921;2025-09-23 16:05:43;ADMIN;14921;150;13;FIJAR MARQUILLA (PLANA);2;10.29
20250923160543-14921;2025-09-23 16:05:43;ADMIN;14921;150;17;DOBLAR FORMANDO ENCUADRE 5CM LARGO 2 ANCHO;2;6.27
20250923160543-14921;2025-09-23 16:05:43;ADMIN;14921;150;21;DOBLADILLAR RUEDO DE FALDA 100CM  (RES 2AG);3;29.9
20250923160543-14921;2025-09-23 16:05:43;ADMIN;14921;150;25;INTRODUCIR PITILLO;3;15.29
20250923160543-14921;2025-09-23 16:05:43;ADMIN;14921;150;29;INTRODUCIR CHAQUIRAS Y ANUDAR;4;16.67
20250923160543-14921;2025-09-23 16:05:43;ADMIN;14921;150;33;REVISAR PAREO;4;13.24
20250923160543-14921;2025-09-23 16:05:43;ADMIN;14921;150;37;ETIQUETAR PRENDA *2;4;5.88
20250923160543-14921;2025-09-23 16:05:43;ADMIN;14921;150;41;PEGAR STICKER A BOLSA INDIVIDUAL JADE;4;3.43
20250923160543-14921;2025-09-23 16:05:43;ADMIN;14921;150;45;EMPACAR PANTY EN BOLSA INDIVIDUAL;4;6.37
20250923160543-14921;2025-09-23 16:05:43;ADMIN;14921;150;49;EMPACAR PANTY EN CAJA GRANDE;4;0.49
20250923160543-14921;2025-09-23 16:05:43;ADMIN;14921;150;53;PUNTEAR OJAL;4;13.53
20250923160543-14921;2025-09-23 16:05:43;ADMIN;14921;150;57;OJAL;5;19.61
20250923160543-14921;2025-09-23 16:05:43;ADMIN;14921;150;61;BOTONAR;5;19.61
20250923160543-14921;2025-09-23 16:05:43;ADMIN;14921;150;65;PLANCHADO;5;19.61
